ID,book_to_price,earnings_yield,free_cash_flow_yield,eqy_dvd_yld,stock_buyback,market_cap,12m_1w_px_momentum,tot_return_1y,volatility_1y,roe,oper_csh_flow_to_assets,net_debt_to_assets,net_debt_to_ebitda,delta_return_assets,delta_leverage,eqy_issuance,delta_asset_turnover,roa_variability,revenue_growth_variability
GOOD US Equity,15.360176503910159,-0.1611575408261287,-9.079337075346906,0.07300672430355427,0.0,757731532.92,32.831916285153696,0.4751092290815315,0.310471517797112,6.278971576637002,0.1745003636867445,1.7674456401552796,7.435054527521547,0.4243932010751188,22.448468218596474,2682256.0,0.008948856569858915,0.1850138500112537,8180585.567030936
WSR US Equity,1.1054730189741722,1.7143995381062354,9.55960024169142,0.050808314087759814,-2077000.0,370454821.38,49.57410562180578,0.5619857090392428,0.5289799464260605,1.781517567168586,0.12643426754077428,1.82784651489983,10.46180913873898,-1.6972852587878968,3.1468096831213885,899199.0,-0.0021496533980777527,0.7176794109311041,564913.6985309713
SOHO US Equity,5.347159128298857,-122.49054380664653,-30.418971841107336,,0.0,50230014.61,64.36170212765958,0.7606382978723378,1.074321800293968,-353.44880644740937,-0.25483274758516744,7.759212222354068,-36.53056749628429,-10.635278303620328,50.86347874015545,751472.0,-0.22996182367624501,4.35098883916571,46644308.420229726
ROIC US Equity,1.7049975154078238,1.5588914549653579,3.4096819689392786,0.02796106895414055,-11118000.0,2057229989.16,86.32385120350109,0.9078820712637503,0.5387326101350193,2.6914949382088618,0.08260795146066441,1.0603682427958137,7.058037509408283,-0.542425951066486,2.3857620296893924,1589139.0,-0.0013449596485290288,0.2302935240000247,4638765.97031744
ADC US Equity,1.6324405801178616,2.311741916690941,-27.32270943496999,0.03741989513545004,-1641000.0,4404237445.280001,10.458265139116191,0.17054078142380447,0.26185634257863527,4.337206780169433,0.05658824605175499,0.4791071663957116,6.260507939792065,-0.623033515042243,1.539395132555644,14447860.0,-0.004011286988041207,0.26965686278027845,26440532.24990671
RHP US Equity,19.317254470265613,-9.556001663662832,-8.234829359404312,0.0,0.0,3970780519.29,134.408956206783,1.375041159038529,0.64988278438615,-98.20618095831912,-0.5035257149626231,8.463935458529985,-35.3838895911798,-14.590678553216978,17.32332039298396,85000.0,-0.2668451684566086,6.118159272304304,452903457.67541057
PEB US Equity,1.0710894360429752,-15.506688859298713,-11.039792952059882,0.002010018388180838,-1255000.0,2960109862.7400002,86.54012079378775,0.9486912089020372,0.6188172291896339,-14.4843130845628,-0.06181245378065794,0.7386832687666611,-14.756514448673855,-7.943504364419832,2.2117293946829237,125059.0,-0.16881582444184806,3.3725112329066924,496451127.4246202
CLDT US Equity,0.9016939584538294,-12.6891237509608,-5.44615953608297,,0.0,632519113.18,97.8723404255319,1.12929623567921,0.650770414368443,-10.557804196707378,-0.02882621378852208,0.8821866967045026,46.37004706239562,-6.712735860944964,2.021767549192035,45028.0,-0.12495558178518777,2.8384105108292337,77553855.74473143
HPP US Equity,1.1996207647455097,0.30311953352769677,-16.759486052418122,0.03698979591836734,-80213000.0,4142107925.200001,26.676245210727974,0.36674555742728354,0.39798297560886436,0.011133830973910788,0.07356462491252948,0.8660756626995503,7.95008809036193,-0.5829493797208478,2.4111657083357034,-3289687.0,-0.011332080146957968,0.2532287811833194,7498047.2474271925
COR US Equity,79.7972034159575,1.6437663322936864,0.05879416612311168,0.04237264323245948,0.0,5828809601.32,-4.253393665158373,0.01635702533595751,0.24632067181668382,71.53235953333363,3.740169430723806,26.211705621016034,5.643065918920206,-0.1270775873408856,34.228354382598575,5067111.0,-0.005902735130357439,0.057556832968633946,15443441.87513618
SNR US Equity,2.7581358776525167,-2.993846153846154,7.0357330230611845,0.04460059171597633,0.0,566621841.24,133.57933579335796,1.6328302431146997,0.6108369406818785,-2.801666814433904,0.23850711006506,6.509861915287758,13.547850298453257,-0.279345339572771,8.715764229480161,59532.0,0.015098349195771854,0.11763015045837254,4051749.384620055
INN US Equity,1.3753336036408386,-15.351950970377938,-6.226040867962149,0.0040858018386108275,0.0,1038926685.06,73.59550561797754,0.8333333333333355,0.7052606421422434,-18.719570357711763,-0.03997099033042698,1.038401692674298,328.56060150376,-9.856490105996695,2.967609081630483,539272.0,-0.13780438019990068,4.184692558161055,133688250.28037682
AAT US Equity,1.6738165920899262,1.3071895424836601,2.983853893690889,0.03630292696788861,0.0,2128019744.3400002,33.06772908366533,0.44867171672469985,0.4634765822624313,2.1397415213902597,0.1013119452116872,1.0127747912488052,6.434991990591479,-1.143762009879323,2.2158376080072864,408064.0,-0.024138053985948857,0.5103751384284005,9891914.55123999
RLJ US Equity,1.0768484630264241,-17.219239842726083,-9.61776543707926,0.005111402359108781,-64245000.00000001,2516644865.0,48.06910569105692,0.5563370273057904,0.7048592054141762,-16.605533154645784,-0.06277768599100689,0.6737065879582702,-28.41265183139263,-9.210023289186118,2.402296417279411,-4849494.0,-0.1817515361159445,3.878269195000665,460298016.1167248
FREVS US Equity,3.634406151509942,-1.0159891891891892,1.2520596341584183,,0.0,126910888.0,13.125000000000009,0.16351057870893704,0.5234217285704958,81.20987020171088,0.11784337232284613,8.702005637818747,16.86997487437186,5.054791702070044,10.177496991576414,69907.0,-0.012634122743581888,2.326740067047948,3475294.04604706
IOR US Equity,0.5032137985371832,8.009516256938937,8.203379814780446,,0.0,52563700.54,15.859289732180326,0.17631694325506952,0.8260364142024329,4.117284975915739,0.041280539174389216,-0.00011488090679329095,,-0.10466689185153744,1.0001148809067932,200.0,0.0,0.0365922276087344,0.0
IARE US Equity,0.5296060506664413,-0.04132812499999999,4.556568197538434,,-5201000.0,920912366.08,16.36363636363636,-0.015384615384615552,1.0495518305736227,-0.5718197514433193,0.05414745152435816,0.19273973855329604,3.1439479929831804,-1.9368426047058735,1.3844328161563044,-1345098.0,-0.009310585133716132,0.83518589380694,12357184.88465409
BRT US Equity,1.6785833539590034,-5.218436123348017,-0.8274173255538233,0.048458149779735685,-616000.0,319306826.0,80.9898762654668,1.1837202431295304,0.553898963711894,-10.52500496787441,-0.00987686281572194,0.8308495790374139,386.471204188482,-5.362941594791362,2.057359989199649,794000.0,0.03834896443309896,2.1120829364754035,134295.75329285683
STAR US Equity,2.3001599027508575,-3.933068181818181,-11.965866375976496,0.029545454545454545,-54565000.0,1288949710.3999999,75.63971340839305,0.8615358316571629,0.33482303655267753,-15.30942394336602,0.020562147272175525,2.999051093450384,20.470040143130138,-7.2704132108910695,8.590237274479698,-3843000.0,0.011801019994004125,3.086742210582794,21844995.92446837
EPRT US Equity,1.656793096920289,1.9029718711781494,-15.758857069632594,0.03963077281462931,0.0,2895781070.82,82.13190184049081,0.9769279769767232,0.43427025492912474,3.0530751030619587,0.06282633816029351,0.49854799272795314,6.054125630416593,-0.5995791684776914,1.580434581059439,22600373.0,-0.009564241205948787,0.25455861644202127,10466305.939983957
CMCT US Equity,18.12254827553074,-19.65892576419214,-4.72628582104154,,-2084000.0,170006645.9,5.348133198789096,0.1865435887338902,0.6007443795157029,-149.35470692921717,0.03959549438032295,0.8972869353698549,17.34039253116983,-36.61476036163692,73.18634515003042,225261.0,-0.02518204620806147,14.012290978633741,24025983.817480244
ALX US Equity,6.659169524868619,3.7244041059702617,3.3699105146708717,,0.0,1353329704.1999998,11.174146915447976,0.19315076656262797,0.32843435030934526,18.36437558977368,0.38413013954770014,3.600370027752081,6.778603324007336,-1.5678957386961225,6.909175900958529,0.0,-0.028265995863222704,0.6835227951285273,11861304.13577287
INVH US Equity,2.3378664898995565,0.5524928693667998,-0.9850252814613946,0.01938235751698387,-17903000.0,19901824216.04,35.69730586370841,0.4184047231063528,0.26197702005112644,2.3417801052882345,0.08142894526495975,0.9156151426010508,7.563829499636971,0.3039330068621292,2.058387092033052,25474941.0,0.004921354776311254,0.13249933222918475,25347390.70737426
LFT US Equity,0.8299556051243845,8.994708994708995,12.959729534462001,0.09788359788359789,0.0,94285987.74,72.98578199052133,1.0229779946837265,0.40777838955430085,7.593799804441042,0.10746587746309795,0.24784042926092323,1.2167770111744352,0.38631889342185355,5.470684859673349,1251219.0,-0.006873988925404792,0.14872759957635628,2336122.5938152606
DRE US Equity,3.269188126528674,1.1547788589119858,-4.0119046022080855,0.023485183547103054,0.0,16956833909.4,39.53561342955757,0.45359404884415966,0.22669894814097669,5.891610591285587,0.10821312963659205,0.6454820068897427,5.935802703376937,-1.866572959505909,1.7647575853597501,5308000.0,-0.0067335409354542936,0.8634903281388697,8992623.836753102
FRT US Equity,3.7525215392420668,1.0120622947910196,-1.6158810285550844,0.03779296200984018,0.0,8762773836.550001,42.05992027774207,0.5212932683497977,0.49816586999505863,5.285346481165525,0.13770092839405806,1.3540222157949455,8.040885980812591,-3.5799602687974064,3.30169085480175,1186590.0,-0.027016396830180256,1.5873462367421989,44470131.374195755
EQC US Equity,1.0701235141457472,-0.10813639679066374,0.6368047110585788,0.0,-26897000.0,3343097127.0,-18.366093366093377,-0.04717966011619901,0.15012103775649763,14.21879097008337,0.01027638441965932,-0.9210835468079936,-2928.651960784314,-0.7028094223188237,1.0526280124786516,-401644.0,-0.0172344256308323,0.312625088982132,27388579.84473019
PEAK US Equity,2.6490610194679247,0.7768892215568862,-7.2104389318606925,0.03353293413173653,-10529000.0,18000388218.600002,33.40257582052347,0.4512791455298979,0.3274710970689595,6.462611323517177,0.10326415208401524,0.8759731676672242,7.294311055782878,2.4210218839083777,2.34520917837853,33183750.0,0.017099853848711655,1.0803203537668602,157297862.44264302
KIM US Equity,1.7559172060531274,4.275572666025024,6.061595349322838,0.03368623676612126,0.0,9007282217.560001,95.60229445506691,1.0426653038211944,0.5513832389796606,20.414504584821298,0.10374763587580667,0.9072944992629313,8.248266059534354,5.118798603919659,2.2691019164824997,703792.0,-0.011799960814975849,2.2696636528043292,44779179.58812494
COLD US Equity,2.504781024144955,0.7098117709437964,-1.1408545319216958,0.023356309650053024,0.0,9525754332.32,9.644222287562485,0.13497995035606913,0.24242807914334027,0.9357256866132542,0.07743049302880363,0.6386966324010546,6.685051190771863,-1.0278169373811559,2.066026899251802,59902694.0,-0.20096492794022786,0.44485229791826475,88303327.39712705
PSA US Equity,10.09353468646875,2.2794393439053597,1.8482964466219571,0.03003644394216663,-1230518000.0,48218726039.8,46.91687547663142,0.5562711317386748,0.23469108003336922,22.497003874736055,0.23818655203937927,0.266696856288036,1.164438937552147,-1.9317195409903825,2.479151521483763,163127.0,-0.004641499432101959,0.8168075078034511,28856688.140902672
OPI US Equity,0.8232236743565272,0.21582786287381472,7.8988468426403715,0.08059810357403355,-434000.0,1324889595.72,15.512708150744956,0.31678596960304817,0.3960744707242076,0.402878183947253,0.1451653792239554,1.3428052332806426,5.850788777618046,-0.4791677052610787,2.4521285056717073,116425.0,0.0006035834995027634,0.20738990283302267,39163063.68690148
UDR US Equity,4.299304828965005,-0.06579277525416397,-0.7204577929272367,0.031543299875551656,-19795000.0,13722663696.69,24.937308442463088,0.33768916290702355,0.3415817372213592,1.8467569476401526,0.14686096938310547,1.2565918610119116,5.872140575297569,-1.4655155009469008,3.0217054117735587,2023274.0,-0.0040398146780316335,0.6539495718551254,39701525.688060425
GNL US Equity,1.3329106870903136,0.2816038236856081,-16.192461239392777,0.08497079129049391,0.0,1796255650.7,34.18928833455611,0.5167518704625644,0.3451630750210623,-0.574356480887554,0.11559636332987835,1.3938514256449452,9.008640907503201,-1.0446929789918031,3.133543209686382,155849.0,-0.001259248642949004,0.44173755583202895,10101637.91759332
VTR US Equity,1.9878237930674412,1.0762421325435023,4.159274508792857,0.03342126372948291,0.0,20265096670.539997,60.90040086339808,0.7344436528371072,0.44299088297672307,4.258195906450185,0.13793228080631323,1.1120750192059279,6.86355372584886,-0.025440140460632366,2.350590515853031,1800000.0,-0.007715022269965177,0.011010817716344759,33496678.874071598
VNO US Equity,1.6614787245075977,-8.232705553164012,-3.761182119195184,0.047352561343090835,-137000.0,8895448010.68,18.980245595301653,0.31273505009870894,0.5281736927402274,-6.23220384794948,0.05615783709197077,0.8174711447149763,15.181553574677096,-19.472281009359868,3.031629500982927,369002.0,-0.019978032738176707,8.488924113100987,172962384.39296314
WRI US Equity,2.512012011566786,1.7438666249217283,1.102909682662251,0.03634493246265319,-32107000.0,4076399065.74,78.19932049830123,0.9122421554784994,0.4772393012339242,6.761894770352791,0.12453582389800177,1.0252079697773178,8.448275230785425,-5.285188458116868,2.4471621407078077,-1389000.0,-0.01547808342874947,2.25286532653319,22467320.999414407
WELL US Equity,1.9110400692743672,0.07097771092574867,0.04806232021072208,0.03363677208884375,-7656000.0,30533274165.0,57.168141592920364,0.6789085901193121,0.4388945781184908,6.21228659274856,0.07923083237668463,0.7356687598570038,7.967288191859646,-0.8958013459990313,2.033695202426087,7143987.0,-0.020874821131437488,0.3997289051564504,229957116.2451035
BDN US Equity,1.3015372114485855,0.6470562454346238,1.009209797256413,0.055758461163866575,-60000000.0,2339057752.33,44.99449944994499,0.6109918761818396,0.4203322205479279,17.575762812426188,0.12512467805355948,1.0013082883753508,6.097735379174667,6.820482213242672,2.1737988554981404,-5907131.0,-0.008268084943232251,3.1064894042966564,20753252.523985438
RVI US Equity,0.5950822460010737,1.4285777777777777,7.582901452879383,,0.0,379498536.0000001,53.235547886108726,0.6796654493508285,0.4671947011964838,-14.53052716921555,0.06540759142349953,0.36748942118497924,-9.614350072876636,-9.233897120995252,1.9938378021494334,776862.0,-0.012903534456913765,3.656269831178252,27435000.030143566
NNN US Equity,1.9841188876028486,3.2237066666666667,3.217897881952845,0.04657777777777778,0.0,7901120835.000001,43.947198969736,0.5298120666967683,0.3849962709386383,5.495789065579806,0.10422836642199762,0.6858896711136794,5.3384376970898275,-1.0798110861223256,1.9218086203859799,3538762.0,-0.00457145144971037,0.4787857784032229,4347958.085781297
OFC US Equity,1.8295884072280242,1.5383019564414913,-5.504166923303909,0.04144913779465275,0.0,3042912802.8599997,18.905693950177934,0.2586069244623639,0.3050151633812832,5.830787171837084,0.13868778727993383,1.2211294936660264,6.9218785033170205,-2.6492871457631546,2.454507581116593,113000.0,-0.017098096051895217,1.1999328986754996,14430697.76178885
WRE US Equity,1.4666911091644599,-1.6342047930283226,1.332298532498852,0.05228758169934641,0.0,1941156532.8,12.380952380952394,0.21543423687310792,0.3661340464428561,-1.1476615115829276,0.08552738646092033,0.7443761264210598,6.913243678338687,-15.82630291705631,1.8245318889419717,2310000.0,-0.005801943731552864,7.017346699596317,6678456.5253967
SKT US Equity,4.538843857640822,1.8161171497584543,8.045752812064716,0.04710144927536233,0.0,1669315515.1200001,157.35537190082644,1.794471933787432,0.7048432202153377,-9.545621201245552,0.4590549009008507,4.383487097466305,10.968283738182224,-5.383892338283184,6.413576847593661,677541.0,-0.030547297193236927,2.3387219238461516,38381609.44562435
PGRE US Equity,0.6355158662090558,-0.8482563619227145,6.362669473286339,0.03157398680490104,-120000000.0,2323065823.56,31.13695090439277,0.4289716400967811,0.5141663398879083,-0.664183595789005,0.05254339604591413,0.7454400547064995,8.827617766378987,0.13615146303833697,2.341550108302992,-8614693.0,-0.002421550239158285,0.06056316534142671,24439854.84325685
MGP US Equity,1.7377007518264462,1.69054441260745,5.785416779120922,0.05816293305548321,0.0,12163358784.1,33.029702970297045,0.47616921855559813,0.2479980024748493,2.953520527877441,0.12586898125508206,0.694667541446198,6.678613068644952,-0.11323751777500646,4.014906995091729,17652831.0,-0.006659405444238042,0.049365798217779124,38573215.64382956
ELS US Equity,10.255658615459188,1.8840443612271351,0.082065813896289,0.020884343943540253,0.0,12658133157.77,13.80063876281728,0.19346273531194047,0.2529111410409873,18.382788463203298,0.3575667462473798,2.038132829535047,4.850600291116567,-1.5845135699584825,3.5819206978755553,141036.0,-0.00034830187330819884,0.7365373397560465,28540403.17550979
PCH US Equity,3.023877779506235,6.062011693924243,7.728140908925988,0.027737762336525158,-15364000.0,3955828492.295,77.95251310514956,0.8874582934768027,0.34445774123435596,13.178849380515873,0.2569157663149554,0.4009814912874256,1.4369210912935422,4.787357743420694,1.8246365961072928,-344999.99999999255,0.08830759460594118,2.1864051310420134,97657916.33673033
OHI US Equity,2.1670340193176463,2.719469591780061,6.74336963330356,0.0748403221327409,-4669000.0,8475302869.019999,14.671052631578952,0.281870907072602,0.3689893432250243,3.9945074175435713,0.17545824996092016,1.240080344705343,7.073548717122604,-2.058873040295232,2.472086293258814,4568000.0,-0.008525637983888529,0.932518583044965,16508725.486313503
SITC US Equity,1.7416292666414261,0.6854252400548696,4.106623624948473,0.03204888390073575,-9925000.0,3076834196.16,155.10948905109487,1.6953392138092274,0.605425469679728,0.9290741491693073,0.0977826773953208,0.9787831591872371,7.2145537237066515,-1.5554542296911247,2.5414560274369196,-400859.0,-0.010157190013728376,0.6732204570862989,22824994.038839657
NXRT US Equity,3.0589929452083346,-2.3969326383319967,0.5783737556685229,0.030007732844541175,0.0,1253341793.08,51.52647975077881,0.6037783627781785,0.3216124163519405,10.553749364636381,0.13922754090383796,3.213237637613284,12.965914334239798,-4.16750915676194,4.484169961782378,-228783.0,-0.008779683019545154,1.8168220228231295,10346816.831756596
NSA US Equity,4.179918814729848,1.2042717564189958,-6.157751186346524,0.03256835567674013,0.0,4751962057.98,65.85081585081585,0.7783825922230188,0.3144673044365919,4.891153515860921,0.1542522588650623,1.3443115049196945,7.216099786857194,1.3364605510054575,4.680781307659208,11634009.0,-0.0024268490963254563,0.569679900631665,18894408.26098579
ILPT US Equity,1.6195247853746548,3.543046623794212,-0.43737545762772684,0.052920685959271185,-382000.0,1624691069.44,42.08357857563274,0.5544034575303527,0.29364285197689755,8.211698551188666,0.11419970294759717,0.8410620121811422,5.4919158519598525,1.1237540897418823,1.9096532062719924,120459.99999999255,0.0016264695463098638,0.48815023807277297,11057024.19535429
HR US Equity,2.0720532484489644,0.5823089756423091,1.6405638576802584,0.040248581915248584,-1436000.0,4245552507.6900005,-3.1791907514450926,0.002027427661096093,0.26063428891510804,3.751963485981782,0.24127221850402591,0.8717906605295898,6.186425800812194,0.7973744279366295,1.956634653680809,0.0,-0.003770180377888621,0.35468968338998946,13047073.920382358
CPLG US Equity,0.6905730994152046,-34.53733791748527,-10.406718823647095,0.0,-1000000.0,595768955.14,169.6,1.714666666666674,0.6452947633743823,-18.835978835978835,-0.044340723453908985,0.7957992998833139,31.0,0.1029996324672755,2.0654970760233917,800000.0,-0.1436991886008312,0.04056426167472353,157925504.6053855
CPT US Equity,3.545038263754733,1.121926875051008,0.76925049034477,0.027736273900478576,0.0,11969053144.019999,34.62706716166048,0.42654471270738226,0.2554290315060183,3.496103110301841,0.1476769947679383,0.7846198601086792,4.748764267716753,-1.6103036607514556,2.089738904265865,194000.0,-0.008725227559988114,0.7293495318102476,7917158.8109620735
VICI US Equity,1.755491723849568,4.247964285714286,-3.184089769761833,0.04496753246753247,-207000.0,16540111557.2,71.98375870069607,0.8849167571219445,0.33000798561023176,10.260317258674432,0.09307602005320345,0.7083142637599809,7.3742645809002125,1.4410497568646878,1.8122243806420224,75664980.0,0.008067203554521757,0.6237047400573095,143164077.51669905
EQR US Equity,2.6441452137801,1.2439374412672843,2.980032705656922,0.03289032084843602,0.0,27859660681.71,24.705474705474714,0.34359450424030236,0.34654360141487156,8.769332789575488,0.11398722640803996,0.7503573314579493,5.102174617358109,-0.2616310499365282,1.9342270596644608,631116.0,-0.005885881916723276,0.11637924545324425,57546621.42715395
REG US Equity,1.8039928406633217,1.382725129655823,2.787229660778748,0.03784378437843783,-5512000.0,10818878840.28,50.348139255702286,0.5841517308981565,0.5096781435752015,0.7359902149978768,0.0823878984778679,0.6218734870580064,7.821084995162944,-1.7622499272664776,1.827412667053417,2549356.0,-0.01056358928129933,0.7813776076306389,51861128.04275496
MAC US Equity,0.9641644708422371,6.088657949070888,1.883987475715045,0.043186510667584305,0.0,3000709969.08,75.13440860215051,1.0814890744467291,0.8325773185551107,-9.416582418258933,0.05105264879808282,2.316019155427235,13.186369997136065,-3.635457468939605,4.069032174312564,8548863.0,-0.016586471226122237,1.5718759564943896,64594378.086543605
SPG US Equity,13.42315074688336,3.2327282369258383,-4.380818470407444,0.04487775692801393,-152589000.0,40269073277.44,106.82257780903817,1.302753963714924,0.6092036243632503,40.437164247009214,0.6360160273880485,7.169364049031255,7.811636065142141,-3.417834856017417,11.59706496645414,21632416.0,-0.04631533487503786,1.5298460286618774,513712026.2436371
AVB US Equity,2.5824915355523355,1.7734256281407035,0.8591095608948849,0.03235642498205312,-184876000.0,27781322763.0,24.69447138700291,0.3386468714670652,0.30105789016638734,7.613512519754076,0.11340138510519579,0.7000413115904628,5.208172210223979,0.1278285465391793,1.785708080633523,-1117291.0,-0.0038689608384935986,0.058060461365571255,10612517.442579674
HASI US Equity,2.962869702425671,2.439129315891057,1.9976685754492989,0.030523983129601844,0.0,3668376271.250001,52.255892255892256,0.6200945086494265,0.455986953947167,7.70323622659568,0.060556179445671564,1.5723055590675197,14.03520004720878,-0.7719932333580068,2.874660100257958,15947329.0,0.0015993674466463076,0.3341285314014095,19617671.709924255
VER US Equity,1.6336762778250198,2.192037610619469,6.2971085600194625,0.042197640117994095,-302544000.0,10356673920.8,79.35613682092554,0.904028103494801,0.41612654035572005,2.525503266477871,0.10255641579148883,0.8219296937210345,6.237298143392695,3.716848570125385,2.104091928441873,185807707.6,-0.003581730654716009,1.5716307429858212,32079994.37136767
HHDS US Equity,0.44376439441078314,-16.13769230769231,-10.71998434469616,,0.0,114571062.84,,-0.13333333333333353,1.0018467028465519,-12.266817617412899,-0.008192544240127907,0.12652540427832865,-1.9333650359626702,-10.199831619082575,1.3847039332965179,1685107.0,-0.0249369127947711,3.8797119806794846,3199293.7421088815
HIW US Equity,1.963309546551854,2.811789401238816,-0.10948479784394888,0.04445973847212663,-1408000.0,4535789532.24,30.980751604033003,0.39822364104717445,0.3594939027778355,15.568800109053912,0.1449647848416765,0.9554897883933461,5.106797817706688,3.924128347472248,2.2577998160619046,165500.0,-0.007568625314397753,1.7510439507981812,410973.1731185885
ESRT US Equity,1.9863868457873828,-0.5202847282139775,1.9545329551070707,0.0162393689140885,0.0,2004315143.3,62.08869814020028,0.6832417491544474,0.6053078796471384,-1.5501715999291379,0.10529212901004847,0.946706158988556,6.564900447395932,-1.5692873623544301,4.146402896486278,-10328992.0,-0.02921316809031274,0.6816865064436511,53045828.14550534
ESS US Equity,3.1506119603077125,1.5438996046071858,0.5016732941235147,0.029341748733187612,-269315000.0,18904932973.5,21.76717606822805,0.304891454414131,0.32892092797551575,9.309836961249053,0.1292119564998791,1.010929089229693,6.287880986429242,0.9352683481979756,2.155882181384272,-1092939.0,-0.00022505415735295242,0.4236080116447192,13480163.34365926
CLI US Equity,1.0868756305649703,-7.309093078758949,-22.96116743209557,0.003977724741447891,0.0,1520645677.24,15.785714285714292,0.21367797947908485,0.46227734568764495,-3.5531004841459826,0.04056747544851371,1.3124999703183347,32.790339803521434,-3.14521682837747,3.680099684233177,117241.0,-0.007724993329037463,1.324426350953556,15737479.708107024
UMH US Equity,,-3.415107501194458,-3.8373967576353962,0.03700430004777831,-96859000.0,945562898.28,79.91341991341992,0.897812777991849,0.33329079667355727,,0.13757652329177694,1.1208988298313298,8.249626000997331,-2.432772997525736,-931.6315338474722,789000.0,-0.0012993347672555222,0.9632849922850043,6310837.970765484
SUI US Equity,3.1820642733503273,0.8200544809010774,0.05706598309391886,0.020445641527913807,-2000000.0,18268326303.68,20.037425149700606,0.25029226797754767,0.27591061163131875,2.8167790262172288,0.09317299723153238,0.7847527040974712,7.347396607206705,-0.8522033038905894,2.028240037239769,14446000.0,-0.027077258079750616,0.37019063999682317,58343243.48542625
AIV US Equity,1.9920089256429852,0.7545508982035929,-8.374637201426136,0.25,,1002443425.08,10.888520804739574,0.4892810538069392,0.4030078400322995,-0.44211018375067473,0.08493061201305042,0.4595352123176547,4.062917856806554,-7.399380447767559,3.6826190828727965,28793980.188573003,-0.10724784565298856,2.898085224883768,303210921.4112978
O US Equity,2.153583013018181,2.562550397067807,-4.809498870517045,0.043694427475734744,0.0,24457745633.56,23.103251568739285,0.30401800404557644,0.2691899530691768,3.810088266637007,0.1012498037254498,0.734478971621196,6.100138326140625,-0.5686634073774202,1.887972062766835,27684339.0,-0.004157258827758414,0.24239856025971832,68216119.92145947
STOR US Equity,1.7794685396841723,2.5142784734645196,-5.350892721764288,0.04393261776982708,-5198000.0,9072355310.46,74.49197860962569,0.8836249902687312,0.39075815080675325,4.4755363106600745,0.08604567427027272,0.7167745462418791,5.996417342862622,-1.24061079016843,1.7952030572325968,26289776.0,-0.006139294115376531,0.5224115574327538,12023867.379800687
LAND US Equity,3.115633842951212,-0.41386050283860504,-34.181198126915795,0.02216815355501487,0.0,723953557.98,58.86981402002861,0.821905012613841,0.30312532167773026,-2.4097258971052247,0.06062795840769768,1.4912629975944753,13.88012910215321,0.27093801362244435,5.143028553667933,5282361.0,0.0016474476670930022,0.11456331987132319,6908776.137947178
SVC US Equity,0.8684880894620952,-18.15576714801444,-1.7236431634506868,0.02888086642599278,-346000.0,1826248069.64,77.31442869057548,0.856446770543466,0.8068259151151967,-13.512884850894011,0.017882907946109694,2.9176750888105802,12.07480751972037,-6.718819545158021,4.1313298046880575,260799.0,-0.14295453002881545,2.8173335427285267,440660579.75702316
UE US Equity,2.322910624213795,2.026770778189518,3.8133984287588807,0.03193929768837127,0.0,2210626599.21,92.49471458773783,1.0854426899990748,0.5742023558596412,9.751998170243427,0.11328727082126293,1.2832021110701652,7.931898729463172,-0.6450509447609192,3.0891846589565612,-4355808.0,-0.023230967295492788,0.28020522917646074,25001020.29305502
APLE US Equity,1.1413546350220034,-5.168340865074241,-0.6301459448440921,0.02420916720464816,-17245000.0,3464435529.36,52.469135802469125,0.5946880801670342,0.49962059718130875,-5.480921972799018,0.0088230235757079,0.564028485346842,19.3282655173584,-7.028148486197915,1.5943234631093763,-650567.0,-0.1334455067363854,2.983885779984687,282214098.3212014
IRT US Equity,2.3320862916137046,0.5302219482120838,2.266976095715516,0.029798602548294285,-1490000.0,1656832644.6399999,63.26742976066597,0.7518620683555353,0.30380397562676503,2.2353082744095194,0.10516561420147565,1.3187082527207197,8.99478458917874,-1.8929951354260623,2.45021184645369,10733125.0,0.0023904476714774886,0.8420458716998402,3862389.3781555193
NTST US Equity,1.2318052311484766,-0.24998609823911033,-46.79369991306258,0.03688600556070436,-275000.0,850368747.8000001,,0.23183723759804042,0.27414433548730954,0.2089181954690866,0.024142495450439616,0.1542627629134608,5.835804857081452,2.2233997541102775,1.468969718557857,19342785.0,0.005183089085119372,0.9923437352443593,5984680.497194854
ARE US Equity,2.024059760658457,2.8280343258653455,-12.234409051457032,0.02603236767839659,-54385000.0,25610995895.44,18.71171977152295,0.2262249406656054,0.22256141765058296,7.389355763518004,0.06564449368324886,0.5560050158519428,6.26039734234072,1.5301676136328135,1.9468223336885642,15890014.0,-0.0017191416912336471,0.698833573989522,161828929.87332758
UBA US Equity,2.087610128297373,2.0810094287298946,5.539553712752069,0.03105934553521908,-75000000.0,695308719.75,42.845786963434016,0.49057294779819505,0.5082431491400188,2.435234269650896,0.09773952762571429,0.4637806368871438,4.037773469191315,-1.453252612902622,2.9189935013335413,212965.0,-0.009858453189134517,0.7190535161092074,5363513.573222165
RPT US Equity,1.4109388588059322,-1.7734786184210527,4.572798187483934,0.029194078947368418,-385000.0,986966801.28,106.71256454388987,1.1057676082481183,0.6076055330060043,-2.37547817475069,0.07868909328910902,1.0451589717096619,7.927516753113997,-5.286555307012165,2.8263743144371136,205000.0,-0.02258716883960546,2.296439457048491,18407812.418572146
AMT US Equity,26.740123488457314,1.6037950071037141,2.5490938952038142,0.021747674781975573,-56000000.0,111792665047.05,5.213723529155981,0.09247761616380212,0.25839669096841267,36.95744843642405,0.811923438970819,7.314193076038071,6.0841308508787195,-1.2247899406863296,11.538658849395382,1440000.0,-0.02134592288725648,0.5157495207300657,194207733.96245903
WPG US Equity,0.12265755474777179,-350.91461928934007,-212.61533876531027,0.02538071065989848,-543000.0,48185610.97,-66.85290881131785,-0.663403249269567,1.6339369793692067,-50.22689509766961,0.13011052785695734,5.049596087767158,25.82684480847499,-5.3596038366503835,12.17214193800886,234676.4444652088,-0.02810036176433703,2.051094360514599,52454492.56824117
BXP US Equity,3.0200314795785363,1.3963953384930166,0.8082850048679749,0.03521039053464995,0.0,17544306667.32,33.39758416859421,0.5077402286738362,0.4228290146899356,15.286669261052216,0.13860165968790064,1.4158279826931235,7.371844161742111,1.4431685128078766,3.9437306194545525,928527.0,-0.017230069849799134,0.6692413490017332,90369957.4724748
SLG US Equity,1.0887178891382694,2.6057628102481645,0.17672532884828993,0.04915363124318347,-611233000.0,5234111069.58,77.48153839026914,1.0543117094277212,0.6374149186452547,7.200529608602824,0.10083937596452548,0.9378522644447299,9.400236708835367,0.9126707239685263,2.501743571202217,-8448388.571007028,-0.011078777682487537,0.4222081643842807,86161077.3300628
CORR US Equity,3.247469082732293,-48.34770034843205,10.460621729442716,0.03484320557491289,-161997.0,78359730.54,-51.82222222222222,-0.47387806231973595,0.9498822602350199,-167.96897272058936,0.06949854098559298,0.16180609098027937,-0.08251916026006904,-66.00974208709182,11.809339174653475,12605.0,-0.046158501277189526,27.068525938097217,18248743.506845713
DOC US Equity,1.428052451503939,1.842972222222222,3.2582608327755267,0.0511904761904762,0.0,3878449470.0,6.801909307875877,0.13164902015328228,0.2629236270844857,2.569221889235077,0.08504274610312941,0.5505981684042998,5.535585753970872,-0.2452972751113487,1.6711297517848238,19575196.0,0.0020459220421869123,0.10329277525269062,9358353.598399136
REXR US Equity,2.3788364370045536,0.7306108138032847,1.434808214332793,0.01783539398412991,-1278000.0,7264315812.999999,36.36598604290515,0.42748634328487123,0.28083213030233384,2.278485619865896,0.05183096772439296,0.2963313234720976,5.163254025830459,-0.14999033685745333,1.6537589377836401,17632738.0,-0.005578971081011089,0.06671900079513976,28975259.89907555
PLD US Equity,2.664381841454131,1.1275926248043138,0.7592716468595948,0.021932009255891668,-42029000.0,85055856184.16,32.69957487009919,0.3903749731466599,0.2542112164340319,5.406767971491039,0.08085447925344216,0.4607888652807548,5.647512497570666,-0.9261168636115884,1.7571051021419695,107584000.0,0.007469247384037772,0.4294686958841557,513866330.66490227
BHR US Equity,0.6034789364239143,-61.2065776293823,-26.436956276724068,0.00333889816360601,-263000.0,286867365.53999996,178.5123966942149,1.4752066115702491,0.9806277941280133,-27.41505439968951,-0.1270598877136952,2.811970973333266,-70.45932257043368,-6.1542724038989105,4.40639682869755,5389553.0,-0.1549855463050148,2.5915162570444505,109753477.40671134
CTRE US Equity,2.346694393660941,0.0017265867731913005,2.1915388712781283,0.041077505125441206,0.0,2180568212.88,20.194384449244072,0.28024185084555175,0.3280247410682327,8.7816203543076,0.15942271550809392,0.5761413434674264,3.3464329283789973,2.0523008884420464,1.6447761945080743,112527.0,0.0017322358108491087,0.9129085744901203,6641637.199728196
CBLAQ US Equity,,-550.9799999999999,406.76217582906884,,0.0,19645877.8,-53.22429906542057,-0.5327102803738315,2.1325536425420397,,0.24973222578422266,6.880748719177877,35.296140472211015,-4.326047008182709,-47.070026587011554,22454806.0,-0.027270767739193708,1.3679132104606146,61545462.20187187
CLPR US Equity,3.3500675698139983,-0.6044714459295261,-4.535934227036465,0.046172539489671933,0.0,348792535.52,16.45021645021646,0.2541398187640378,0.4937286820021413,-10.14726565731778,0.1535816508826863,9.675932151295696,18.321360371010275,-0.2664219252854284,30.608332066291624,-1751444.0,0.0010192867327752514,0.10195837698554708,2558317.0357250697
DHC US Equity,0.3293589481604767,-11.648637681159421,-3.5968437786958267,0.01545893719806763,-171000.0,822026249.1,21.088435374149665,0.1854842515945896,0.8769948060874829,-5.33040947519626,0.06053095155737085,1.3074088412513334,13.309471802246492,-0.8467140876268706,2.5948906118468473,371315.0,0.09799866264239832,0.35802424164638225,250266493.75989565
CDR US Equity,0.5912192050179498,-4.753239436619718,1.5652199054698517,0.01971830985915493,0.0,193519133.6,194.67094068965517,2.054435486629559,0.8700737817353976,-3.503526786838662,0.0873511153781454,1.2773141480907073,9.090520199144438,-0.17858872944798226,3.6339730272844855,121.2121347002685,-0.004898796841090694,0.08088760485627244,3870258.697921793
IIPR US Equity,2.6943018035301316,1.923982113438456,-3.1893388171847405,0.035690750764885856,0.0,4066516837.3199997,114.02674209308306,1.2633303538096525,0.4712009860861759,6.3023560657901045,0.07266625223282788,0.007701125004262373,0.12012847527669238,0.6591155791923526,1.1709362822621876,11299885.0,0.006040270462292385,0.2787001643719545,30541281.08622231
FPI US Equity,1.4490857977457992,-2.1312405446293496,3.9617039307266673,0.015128593040847202,-6819000.0,407703359.0200001,99.39577039274923,1.0475873633721764,0.41210245491807157,-1.8622025660315327,0.03483989473498296,0.8468906197566191,15.824593247747604,-0.5895945860173507,3.9117430347273143,618663.0,-0.0015644822588904497,0.22426420989496917,1093564.3215507043
BRX US Equity,2.439909078505958,2.049655485040798,2.417164266906356,0.04020714854803704,-25007000.0,6550858051.639999,97.96107506950882,1.0942537328288995,0.5356882193050375,4.467571367104933,0.1652929588193536,1.8044735313636246,7.4896440244697375,-1.883842949993341,3.111927439874869,-1362856.0,-0.014840940127957974,0.8352916772145542,51083408.43410094
PLYM US Equity,2.6346552248163357,-7.835051546391753,-36.93044292130218,0.04239690721649485,0.0,570453488.5999999,44.30673896204492,0.5915034478251886,0.39723536629939316,-20.23119081040105,0.12306318098202915,1.4878455025706334,8.378309732897291,0.08288242529533796,4.931277093972211,11202806.0,0.006522318115049192,0.03475423551976867,14492108.906304989
CXP US Equity,0.7860516768158192,0.4837388392857142,1.7265864366450574,0.04687499999999999,-25761000.0,2058454720.0000002,49.87212276214832,0.6281468889637587,0.4448309419489202,4.422836299059569,0.038910505836575876,0.4452745087371637,24.02026252839367,2.559179804811198,1.5661663566796422,-827218.0,0.0035360159626868365,1.1076457057197657,5076461.004405901
CHCT US Equity,2.6193129881186086,1.8756364022061944,-7.423221192889169,0.03703759823827707,0.0,1151023225.36,25.569898379566062,0.34251919897852123,0.33425886729603466,4.870762784890601,0.11251035085923762,0.48821397668381733,3.9377696896926944,1.4059408679386183,1.5547269699197053,2477512.0,-6.886479760298547e-05,0.6129187088919594,6467305.456269863
IRM US Equity,10.79569861939829,2.3315104533709183,4.469785785487438,0.05825698848954663,0.0,12291282543.87,73.40153452685422,0.9670215339238326,0.3260741617709182,26.353995918776974,0.8254316216672489,9.02029361472386,5.417691960568077,0.3679165390315773,12.44735288709974,973404.0,-0.035461249444298515,0.1555696802507786,48759325.024250954
GTY US Equity,1.96873489127518,5.515161182001343,-5.118488866895212,0.05271994627266622,0.0,1322362942.66,18.224852071005905,0.24108633267826574,0.2895601072322272,11.110612950746173,0.12557136814528783,0.7919014677054763,4.595506013390461,1.2287602742742374,2.0459520225105785,2237913.0,-0.003453806972678178,0.5216850948179781,2840745.296301831
CTT US Equity,4.555954692305304,-2.4046965918536993,5.9369869883770505,0.046550290939318374,-3337000.0,588311883.9300001,63.23943661971831,0.7921044565964477,0.37753571770702005,-10.894665608811312,0.31140310363938667,3.2988022661493943,13.711095469669827,9.953940383870393,4.716597806840421,-243000.0,0.018765034191856322,4.413554515341194,1072579.0954013367
PSTL US Equity,2.1039972780511635,-0.24566259168704155,-34.9485463229852,0.04420537897310514,,331155439.0,19.581638582219625,0.25066194846300727,0.3521555618481859,-0.5002670101176474,0.07853435105009568,1.0232234807038663,12.056707629174808,1.5580745193311611,2.8142720620213684,4151274.0,-0.006183246928888636,0.5697582275638164,4895194.379206435
RYN US Equity,3.5380407795356623,0.9760454065469905,2.614168768673004,0.028511087645195353,-4757000.0,5266454165.080001,66.34746922024623,0.7939670317941796,0.2873465251352369,2.5814351082587117,0.10245758909977389,0.6950289196022011,5.5616770602856676,-0.9537704948156223,2.5295717872511037,8347753.0,0.008504998514350381,0.4344845745706124,67043606.61043608
PEI US Equity,,-195.3567955801105,-41.52573329693867,,-466000.0,143460440.72,43.69747899159665,0.547928906075706,1.3272615489141446,,0.046265952418465414,14.452670553017173,18.71891356916202,-11.004464055167686,-8.177930863511214,1987000.0,-0.025982281361701345,4.33387914918749,29524980.435813367
ACC US Equity,2.0625787095135455,0.41749464668094216,-0.022971786609718402,0.04036402569593148,0.0,6438332486.400001,48.877146631439885,0.615833780872518,0.3349172002525469,2.2719683735061955,0.11037583178670046,1.2654779598529315,8.33119549335883,-0.19921180503596458,2.4183848576551767,213521.0,-0.014322639348210292,0.0849160577258816,32516142.0334476
DLR US Equity,2.583917213803913,0.42797011540257485,-3.462477681663096,0.03134137792617091,0.0,43373304843.33,11.95495015600031,0.17934634654087955,0.269046703090649,2.147144486259387,0.09230360074916379,0.7931984400768766,8.639321151624513,-1.270590039141418,2.2185166547601822,71388968.0,-0.005042461037021495,0.5633756304678633,307881191.11848783
PINE US Equity,1.0415036683785766,0.4374689265536723,-77.92718724469248,0.05329566854990584,-5014000.0,140405427.0,44.62809917355373,0.543163458332403,0.4823762830107149,0.7453986935938174,0.06300765294145265,0.6993286069768534,8.571604735284446,,2.063679896496501,,,0.0,2342937.9627742055
GLPI US Equity,3.9825097410933323,4.787416539384682,3.771207832167224,0.057261307315856755,0.0,10668783527.87,42.2836036614742,0.5408215791109001,0.2960315980940895,21.296399041282825,0.15175449286696388,2.0263194490653893,5.0840020784560895,1.1944545197026217,3.37731110594396,17758055.0,-0.0035835622540383028,0.516975171865183,133306.33381865863
DEI US Equity,2.4248678913343813,0.7231235154394299,2.0748405366114007,0.033795196621799944,-7000.0,5909851761.44,15.233949945593034,0.26962186115866316,0.3581079397720465,1.9584153774118243,0.10515915965364529,1.1470048065337024,8.375550487718412,-3.5883607342299806,3.7958471801011946,94141.0,-0.010512553019611764,1.6012160664934942,20151072.231119007
AFIN US Equity,0.6123323050776573,-3.6618956336528217,,0.09052183173588924,0.0,1022072043.57,27.785613540197474,0.4439554019845777,0.49829184336830334,-2.7831970073920282,0.054552279684796236,0.9931942770029871,10.163418408202832,-1.0205787239488608,2.1617563352382687,361943.0,-0.0027761262043517754,0.4315410940029663,2317160.9790042182
AKR US Equity,1.26052370349556,4.170522317188984,2.248776375553824,0.029439696106362774,0.0,1817610699.06,77.84588441330997,0.8585029681351948,0.6043230619959652,-0.6027573197945316,0.05006704732560007,0.8949844109476298,44.294138964051015,-1.4893475127328069,2.904906217520957,-782162.0,-0.011297261314761997,0.6624945311023325,17723042.726459756
CTO US Equity,0.8751432576325381,34.3954228472356,-49.963733029563905,0.07705644384511655,-4100000.0,309310354.99,24.783790462070673,0.7259140624268712,0.36888420094955215,24.676243079849854,0.04824750141778689,0.7666508026526151,8.50861878103552,-6.787502046888628,1.897785402637226,1145302.0,0.010998031855338222,2.9377175768058055,4951271.641316087
BFS US Equity,2.787596339168219,2.904275092936803,2.159198766115637,,0.0,1011440000.0,40.64516129032259,0.5619503895091766,0.45816136058630297,7.935230596909425,0.18333789438476095,2.6312775855898844,11.12014155233087,-0.8139002304059484,4.539822056693565,737419.0,-0.00919669891131844,0.34272705858339564,2660460.6747068497
LXP US Equity,1.7822119763594642,0.9562821576763484,-12.072985039347156,0.03651452282157676,-11042000.0,3538221894.65,31.415929203539843,0.38684691202450416,0.2702208933569718,10.153702921426659,0.10136670656012117,0.6001405227264623,4.779293601942174,-3.6329184456522006,1.8641474998665883,22381731.0,-0.007247854968194453,1.5723735034137836,1938568.406405811
WPC US Equity,1.8823891104078352,2.9550108401084008,1.1057315512706936,0.05718157181571817,0.0,13133838844.800001,18.46407927332784,0.29546032085431007,0.2719432653909595,6.590502887331476,0.11653024139879672,0.9593556263119934,6.783036041934997,1.004197041972804,2.13875960796968,3123515.0,-0.0032218597132407933,0.44380681815311085,10362446.840903347
MAA US Equity,3.088237831013053,1.3902764186312513,1.8873677865473875,0.02644276991357121,0.0,18016785198.08,39.06587473002159,0.46192550177169767,0.23968876684014498,4.239690146974879,0.13498940415036195,0.7485910837584097,4.865095598232947,-0.8635404897596888,1.9207839168344574,234727.0,0.004133926357161116,0.39222505927447276,16790624.108701903
SBAC US Equity,,0.25405519513953245,3.131236310051544,0.008388253870181581,-859335000.0,31855372805.88,-0.017587055926841844,0.0318923943442746,0.271853248648318,,-0.23414202148054933,-2.7276197145963104,8.115927718103823,-1.477164027832035,-1.89827795560136,-1956000.0,-0.01715641375334581,0.629656188474049,29195837.77060194
TRMT US Equity,0.556085396443315,17.833333333333332,12.077743990594971,0.11666666666666665,-24000.0,49835466.0,194.2408376963351,2.606926587291862,0.6983557889299888,10.108266142847354,0.06770300214840894,-0.11834246313397748,,0.913177414959434,3.309022192726905,0.0,0.005020215282983152,0.3937712303850444,1729583.2980544914
LSI US Equity,3.0232777663493904,2.1942169006330854,-3.7386951664428385,0.0310865675750069,0.0,7445752798.96,59.32827367467149,0.7098994915476733,0.2515659996275995,6.720073988160475,0.12433376141172713,0.8977727169891672,6.025926680642359,-2.98486277953888,1.988079549286867,4198020.499999493,-0.0038115280908704585,1.272328113514156,17916567.432787847
WHLR US Equity,,-33.76586901763224,35.05576003860847,,-1106000.0,38535749.86,222.95182571340897,2.0454127032832146,1.0241936462232186,,0.14037647226274774,3.0228623278653526,9.282034472397498,1.6703589996074468,-10.744011943182068,9590.0,-0.001989749156461995,0.631414331975066,816126.0801148317
CLNY US Equity,2.157273487263588,-6.858746177370031,2.8215021979565273,0.018858307849133532,-427604000.0,3185997872.52,253.6723163841808,2.694915254237287,0.6286927183326583,-97.3725728821203,0.012331224653176162,0.9793719172967192,-6.365032977496135,-8.379167035755295,13.763215215970883,-3638000.0,-0.05022576074546292,3.5284020869622035,466377324.56255305
SAFE US Equity,2.670865020741443,1.690018777986422,0.968464093741751,0.00948529057730271,0.0,3687385028.6000004,39.86683312526008,0.4550234578590535,0.40527557628908367,4.799316857788651,0.025853125635722212,1.1825862971411776,12.568265228397104,0.49148802539794545,2.3268192902300955,5424000.0,0.001150280252547764,0.2179246720470889,27504404.244249318
RPAI US Equity,1.5611663876604234,0.39717391304347827,2.643773972208196,0.027530434782608696,0.0,2469424417.0,131.66666666666666,1.4512904172461574,0.6295640947346263,0.9078221862247281,0.11577430426071182,1.130068957670988,6.903923605345772,-0.49227822656227327,2.30549567292059,568000.0,-0.01410919444322141,0.21460826832821328,22513721.312985796
SRG US Equity,1.074783862945565,-21.92885625,-42.99101493721962,,0.0,684175520.0,105.04201680672271,1.2408963585434174,1.0332784571419396,-17.723439468777283,-0.05359981058696516,1.6485062765724847,-26.706939269917598,-1.77891266314077,4.574715045592704,756528.0,-0.01679056038445574,0.7043813264665786,20644652.410576683
ALEX US Equity,1.1968688988231,1.4647240618101542,2.8938035671601363,0.034078366445916115,-600000.0,1313150637.84,63.3552014995314,0.727825788794447,0.4768676137192898,0.50423194669548,0.05722836930890622,0.5879738799201887,7.4006849315068495,1.961115968177133,1.857494754128273,100000.0,-0.05377929385180538,0.8258106856402305,54699879.96904464
EPR US Equity,1.4953983354321685,-3.131606282722513,-0.38964259649034344,0.028621291448516585,-7387000.0,3570194872.25,59.73248856036608,0.6807462161210838,0.7290836972522404,-5.937096284313901,0.0248131119123693,1.0914260516196967,17.144002770662034,-5.166300582438892,2.5630130871593857,3454956.0,-0.04015940294205098,2.1845164444223273,100343218.54115736
CSR US Equity,1.7539679477169356,-2.7654895254382215,-14.852719196822264,0.04001710132535271,-5679000.0,927661784.85,6.592213432604312,0.13353359409114884,0.29487452249246077,-0.45967605564008446,0.08881565109670532,1.0426700397311799,8.462830837336348,-5.263550556422398,2.8094117152696665,928793.0,-0.007164881068722387,2.243641950895273,3308205.173340931
QTS US Equity,7.382457570647497,0.3348429487179487,-12.048661642395933,0.03206501831501832,0.0,4299481679.999999,-0.7829977628635265,0.02823861157280816,0.26857609792885323,-2.5748768049206707,0.1891306734784798,1.2019469955789683,7.62859557356958,-0.5817128977018566,7.142053432967886,6352595.0,-0.0065577316429894505,0.2535972360828966,25524822.006376784
EQIX US Equity,5.995907131281321,0.8438519284805615,-0.26975994668587083,0.016350720246998882,0.0,64079194158.979996,8.495224032116656,0.11720748894751898,0.2693876960131146,3.7975323131255005,0.21720898714872264,1.157965145769494,4.571560842828695,-0.8447318582506942,2.5396719462162265,3825866.0,-0.016258000674457734,0.37579214504347624,194122542.5053504
HT US Equity,1.6880403810165139,-45.53108108108108,-19.29352133519754,,0.0,434368607.7,121.88841201716738,1.38197424892704,0.9601988974674073,-54.78692965328441,-0.08548171882739877,1.835107229612837,-69.75285536582608,-8.101044738961992,7.755745393897159,190832.0,-0.16264186350941656,3.4393969118722088,149997804.98930454
SELF US Equity,1.264762791756645,0.23715867158671589,3.5144793292540117,0.05166051660516606,0.0,51053110.05999999,39.98055825579782,0.6013745502282075,0.2574600478195741,0.668270251216838,0.049884698354906984,0.547427874563259,6.828220985036323,-0.5218703525468771,1.6220572892490954,12821.0,0.0013833990384405637,0.17947509580721283,181652.5964598565
NHI US Equity,1.9773272301112133,6.465971599402091,3.762920033360624,0.06691935369065413,0.0,3067405073.1000004,21.19254199741555,0.32049381955399747,0.36967466793652987,12.301282615665485,0.15243360725436572,0.9560036639537213,4.672437917600015,0.46808988163294263,2.0634961255996096,108799.0,-0.0018115786198177886,0.19952807215650714,6278812.292657193
HST US Equity,1.9361952222749566,-7.210824207492795,-3.7794086462985703,0.004254151228214629,-147000000.0,12250593765.6,42.94372294372295,0.5021645021645016,0.5372548876757552,-10.733137829912023,-0.047715262667081135,0.5930991607087348,-13.25,-13.353205928376415,2.039234298370511,-8000000.0,-0.31977362390122777,5.779438074789364,1665896359.9589303
WY US Equity,3.194640728438895,3.4510637727759916,4.463406961880552,0.02460700250089318,0.0,27960703800.0,103.1317494600432,1.03723649630418,0.35536212229703057,9.427489945587887,0.17512312449891193,0.5856144771503837,2.320926009986382,5.323726506855633,1.868170885351048,2085000.0,0.07095191033025178,2.450531792325587,450177162.5210604
UHT US Equity,5.785490843684163,2.1107784431137726,1.733521445149879,,0.0,919977081.5999999,-26.703626703626703,-0.1988300318160191,0.44601342901117824,11.414601791987415,0.2780415710197793,1.8758340932675073,5.728742917506962,0.05760555381326293,3.1068771422282317,13789.0,6.820015676869962e-05,0.02425725080166149,356665.1141938379
GEO US Equity,0.8303985685607961,19.414016,43.52501356365445,,-9009000.0,764923368.75,-43.68029739776952,-0.3577057952984234,0.5596781579971979,11.836232913004233,0.4843128139794448,3.028459063987668,6.961898880935578,-1.3100416086123499,4.884586826006295,92856.0,-0.042424498949616196,0.5711115094923624,55724762.56435734
JBGS US Equity,1.3066661447349828,-2.4963195973576595,-3.31253930321882,0.029569046870084936,-104774000.0,4180357946.71,8.98478952953661,0.15917582222780924,0.35476492082886285,-1.890113257231876,0.045229617490608665,0.47260870751954664,-8.199928499131776,-2.1270722035123995,1.8962798019612364,-2370000.0,-0.00820396166848654,0.903074332240654,19125250.838814545
FSP US Equity,0.7000658476534681,-0.1734131736526946,-1.7611583707635339,0.0658682634730539,0.0,537714276.9899999,0.0,0.10165005849408293,0.563153465279559,4.196239659772002,0.08911574279610099,1.1943728021809916,5.713030427580366,1.4478976282462832,2.334598374411365,58998.0,-0.008619999478808593,0.6312097223645013,10121431.12761831
LTC US Equity,2.0219242066087912,3.2762746585735965,6.142525109454387,0.05778958017197775,-18012000.0,1556477153.88,10.38961038961039,0.18484771435690361,0.3022853363004863,12.286244330120539,0.1496521037475864,0.827023766250841,5.163198300420066,1.0900048324949418,1.9018532659544802,-510000.0,-0.015236252360277494,0.4717680131958867,11238849.254105898
SBRA US Equity,1.0555129572882778,3.9812931538911647,8.332721016215586,0.07056758338209479,0.0,3690247152.18,28.23618470855413,0.3900306431633991,0.4216681737321492,4.013431746985367,0.1040857343656687,0.6785401269730273,5.399817461595741,1.2128445452270413,1.7557062771982397,5352797.0,-0.004620083765040611,0.5169873210898662,26925576.109319407
OUT US Equity,3.3876925446703643,-2.6639378011388524,2.320418438726886,0.01339611622134618,0.0,3322676579.07,55.880353501019705,0.5520054384772242,0.5235096123810951,-5.900561036951054,0.09438462094384621,2.4708390547083905,5.567334310372903,-4.123651977618234,6.055555555555555,900000.0,-0.16775442356537518,1.736437784525257,229874245.38184333
AHT US Equity,,-964.5055937499999,-42.08885122171645,,-399000.0,465056646.4000001,-61.42878583220772,-0.5197358547200963,2.78243224206484,,0.5740065411663544,-14.131510456653256,-5.23405498628684,-10.486264611947197,-5.634603843404557,54152144.8,-0.19987038356226688,4.434007878525044,420522856.56939626
FCPT US Equity,2.4536007616229334,3.969128996692392,-6.7101060111133,0.04823594266813671,0.0,2072620011.81,17.894736842105264,0.30457366653599527,0.3576870572000285,9.898559350779845,0.10829827318144088,0.8867627154970805,5.463307872447528,-0.2406670199492611,1.9825287602205743,5854306.0,-0.0051147839961874775,0.10454392482921378,4652777.015653366
MPW US Equity,1.535311066300453,4.090197020663143,-30.226800633506535,0.0499519461797213,0.0,12240442000.0,17.85918717801947,0.2572441466997555,0.289979427630623,6.006301152139281,0.0841024001420507,1.1332954876436183,7.616811097088543,-0.4574666359794781,2.2932398468794575,23896999.99999988,0.006545723095459741,0.20719885627952997,178924618.64080843
EXR US Equity,7.4887750606508625,2.458186574870912,1.9393011707167238,0.028051799032866157,-67873000.0,19424058815.0,62.149799885648946,0.7167364176606055,0.27104697871796285,18.938821559277795,0.26267010521354,2.0096780653678112,6.4186978471499305,0.24683987560724585,3.6878583268015004,1823554.0,-0.00846542566986086,0.10521800714736822,20357333.161759738
CDOR US Equity,0.725670376130581,-26.926824999999997,-17.87651898444743,,0.0,48107800.0,10.479041916167668,0.197604790419162,0.8101759750635018,-25.792712094306363,-0.010513758340871253,2.3559601997876274,28.292663727959702,-5.386152774133182,4.15529919821221,21135.0,-0.1115770055035217,2.0360258223496865,9776880.470629996
KRG US Equity,1.383635955613845,-1.228076923076923,3.3413185248907156,0.034023668639053255,-1336000.0,1713365534.3999999,110.79059829059833,1.2319125231387913,0.551769065195661,-1.2876970677368502,0.07493564784050549,0.8842947780017213,6.998255319413142,-0.5987984309475282,2.119636388456869,0.0,-0.006854557535078715,0.26550586167566265,21517204.771242265
APTS US Equity,0.32989025491421825,-76.81167368421053,-81.17189807648778,0.07578947368421052,0.0,475898690.5,27.823691460055088,0.42815219323818665,0.5311819034009636,-20.106989754009,0.033294217100652924,1.7990271459239402,21.2730852384358,-3.7705098811707534,2.9735910259081755,3551000.0,0.008490068871790601,1.560418599945187,13147956.240036538
PK US Equity,1.0139603926977316,-14.72795054683785,-10.536061397871343,0.005151371057219843,-66000000.0,4973395467.36,128.30396475770925,1.31607929515418,0.7283786688457944,-25.287558170164193,-0.09043981003510221,0.911418542225893,-4.715811965811966,-16.12776056436686,2.1637032495401596,-3471128.0,-0.19751790956742893,6.791274573058959,838815711.3035947
XHR US Equity,1.390766048614127,-13.185468421052631,-6.796075267319331,0.007072368421052631,-2264000.0,2162277406.0,118.84057971014497,1.2946859903381633,0.7317643814629692,-9.919540760427271,-0.04960357095674606,0.6437289029098269,5.0572341108281,-6.872590666280547,1.9816308736708332,1084756.0,-0.2406418672204952,2.8442090442537133,322516428.2461173
GMRE US Equity,1.918199901955444,-1.1938202247191012,-21.28509882775058,0.058687800963081856,0.0,865708923.84,21.49280575539569,0.3649983829722201,0.361548547778944,-2.152467613656097,0.07541069556099265,1.13398068857043,9.76855040554019,-1.408047458524484,2.9982733264339014,5655000.0,0.0014010154045970141,0.5773961228761565,9433219.264187265
DRH US Equity,1.2007280669245572,-11.14133946830266,-8.428983171470902,0.004652351738241309,-14553000.0,2056262261.7000003,73.88059701492537,0.8246268656716444,0.7260967828297132,-21.949463385502234,-0.048685079337376556,0.6061206858937999,-4.290468836864537,-17.541302995983926,1.8390770405029393,9865719.0,-0.1921348815929645,7.417157449486201,270026633.6998274
SHO US Equity,1.5231151684184814,-11.155631453534552,-1.19348795351027,0.010458035477892511,-105567000.0,2722440549.52,40.995260663507125,0.4917061611374398,0.4913577265964409,-19.678132250826092,0.00973782162068251,0.20433583375730302,-4.2319396534633835,-15.16199248722925,1.6063953075467923,0.0,-0.20501269959886723,6.722792966694468,375673599.40008897
UNIT US Equity,,-9.573532152842496,-6.268749164856093,0.05591798695246971,0.0,2549966441.41,30.012453300124537,0.4180590170103198,0.3728584276164361,,-0.07587088443409883,-2.328699521708416,162.7032466875693,-14.710212644680398,-2.2094181237153645,39120000.0,-0.0012010471478358375,6.087794527349407,3902588.20722519
DEA US Equity,1.4372168285682112,0.9930875804057396,-8.760483783952449,0.05249876298861949,0.0,1695031960.13,-15.804960067255141,-0.10869978371289224,0.2263143220537928,1.0789327577100936,0.11169257752101971,0.7463326076755618,6.8852191438628365,0.15794017496431217,2.1285327004858954,7273964.0,-0.003795567899751398,0.06678335957014764,9875841.574018879
HTA US Equity,1.910942932463497,1.1753873873873875,5.1580469437902785,0.04687544687544688,-5192000.0,6072434070.75,4.642313546423131,0.1071610210990972,0.25584738758254716,1.6110227290819332,0.11992943254529712,0.9613715212034676,11.175526352669765,0.31346534706346985,2.139313391335687,2133700.0,0.002149742562066098,0.13361779188487144,20002258.440796737
BPYU US Equity,7.354871548870755,-6.107684782608697,-1.268910273639339,,-197440000.0,22161693056.0,86.33017875920083,1.13155486920299,0.48253880358058926,-45.583551092415384,-0.0020311187633450284,3.8830376766507118,22.183712095142397,-5.355981997457756,13.664353465180822,0.0,-0.0065209920132255905,2.4435782801735826,15847594.685682187
AMH US Equity,2.424624376516713,0.43531948881789134,0.693738440965591,0.010510167858410668,0.0,11916018360.599998,49.79201331114808,0.5753990649818985,0.2484662507753274,1.8174376029975354,0.07324915062812576,0.4141183450419703,4.69556747590334,-0.05647566262792392,1.9557496885029877,15913786.0,0.0002199150193744892,0.023781462408927506,16615456.996293683
CUBE US Equity,4.572555950368297,2.1395311027332706,-1.3658431624563028,0.032428975360172335,0.0,8552372864.679999,62.107355864811154,0.7586745267373847,0.2603438517085786,9.121199087334873,0.16793732077605583,1.1865871359666875,5.9103491004408415,-0.5852462024489213,2.6078486379335186,3848965.0,-0.011253621610959691,0.24644262529865457,14848554.022081986
CCI US Equity,8.32616742416235,1.5162094435629478,1.8115918728075588,0.029988683843255162,-76000000.0,78991301599.42,17.219454640797068,0.23670941710208937,0.2459125735755241,10.918032786885245,0.3229045555438114,2.661980763132861,6.12326768781911,0.31977979039579507,4.097664094704577,15000000.0,-0.010709174762131818,0.14793247418206334,36545978.86226068
BRG US Equity,,-37.12954973821989,-77.36319457822518,0.06701570680628272,-130499000.0,270191789.70000005,50.933786078098485,0.7459243236149478,0.5369050713287724,,0.08458569760627303,1.635566539613024,12.653562610384247,-0.4173398102240924,-294.28400898238976,-1401607.0,-0.005320361076541907,0.1850475221682989,4379439.324216124
AHH US Equity,2.184423484304131,2.303379416282642,1.667080535567537,0.04915514592933948,-2729000.0,1056757584.54,68.60927152317882,0.7832666481467063,0.4685934232508185,6.252419611543017,0.12047933277131931,1.2981731020795397,9.395147794321561,-0.0003030950131890364,5.444409100849477,2795249.0,0.0386108453789063,0.08000260760668768,56061434.68630047
CONE US Equity,3.4670421571573757,-0.4237846279196089,-5.186427061646267,0.02843865049188243,0.0,9023553101.92,-2.324580284115375,0.08711546744171317,0.2856139551009435,1.6583880788335201,0.17836760222031114,1.3352357126104293,6.6989605805059815,-0.07061311505399992,2.6961926354467987,5633623.0,-0.008730851658036748,0.030673800646712383,22675283.37383117
LAMR US Equity,8.587961090717412,2.4784153966393125,4.904556374194657,0.030790022144066696,-10492000.0,10349580293.76,51.29674306393247,0.5872000288028023,0.3630260744658683,20.39558989775391,0.4738012650818778,3.3041293083953014,4.116332641771117,-2.9485439842034618,4.815094016468679,398346.0,-0.06704445798842912,1.2363826432715206,77485252.7582619
EGP US Equity,4.806015083133933,1.5771428571428572,-1.323999395603964,0.02098966122634762,0.0,6154912175.23,45.86869573700126,0.5361567555126572,0.27865044634389474,8.773614465537637,0.1544921047950521,1.0405779375026565,5.3821349041894475,-1.0868117326788473,2.142975399287041,750875.0,-0.003834269608795987,0.4755688811411436,14116772.31789188
MNR US Equity,3.274794352949497,1.5260614081524617,-4.528892105747043,0.038380095288512446,-4276000.0,1856922135.3999999,55.794701986754966,0.6318673720645778,0.2820920560210131,-7.9118092911723865,0.095247227991384,0.820148322338462,6.425912361909219,-2.821850736185814,3.4295718743646186,1655000.0,0.00180948633908945,1.41232936356179,4652124.673344984
FR US Equity,3.3708627566438616,1.6438873239436618,-2.778109655283855,0.02203219315895372,-5944000.0,6417637247.000001,36.77382966723068,0.43640888708521874,0.2391770751718562,10.688949650858042,0.12346712404740874,0.7473743401187273,5.35118191879341,-1.8071310721844611,1.9928891794649173,2056934.0,-0.005327316659921477,0.8038516478337067,9805656.046534615
TRNO US Equity,2.71708588679901,1.21591506892727,-0.6525815081725801,0.019006873863473443,-10777000.0,4390102943.65,28.406949968599537,0.3484591387091227,0.2477444774644472,5.113504075442461,0.06362612896238723,0.22159774937916513,3.2404426929876253,0.9132232306705856,1.34733758808803,1123577.0,0.0003889243639220302,0.4062217788813708,7055766.476598311
SRC US Equity,1.5390413009899027,1.7072780678851174,-10.708581970429206,0.05498259355961706,-4381000.0,5283640743.12,55.265901981230456,0.7069175092770115,0.41859590249770834,0.49054115914114216,0.08728173457146665,0.6782153885457858,7.472639266668095,-2.7705815137940553,1.865702819210061,12336463.0,-0.015415433721263819,1.194702446311824,14148000.00228563
STAG US Equity,2.119881416325945,1.2389771121785815,-7.391908704097836,0.04139587454083075,0.0,5786922121.5199995,41.584564860426944,0.5213820206354125,0.2601320567398444,8.07597293366737,0.10606874212392983,0.6190869027358563,4.891498795318134,3.208270783200968,1.7767051200454944,15394230.0,-0.0025660148012170148,1.4271094086470277,34456356.51517967
PSB US Equity,5.184697746940303,2.305420530233773,3.901568076667693,0.02892777850333029,0.0,4215792131.98,26.153458273804535,0.32754670188735036,0.2843836762350491,15.456461314205324,0.14019507602599665,-0.034967402968152095,-0.24956108345555564,-0.04658769315298983,2.5343472996956624,47594.0,-0.007958619935574562,0.01985847796711057,5536693.338039712
OLP US Equity,1.7084167735678397,1.7940056022408966,1.077984499527392,,0.0,518096503.47,55.252918287937746,0.7785132805904662,0.4152545245913536,8.991453579351022,0.12031100150705576,1.4968523085354157,7.636088832975135,1.218918631803426,2.669274711366833,627000.0,-0.003318216041562544,0.4774088995830498,1109589.579837433
CUZ US Equity,1.1916025174082532,2.1874686017303935,-5.041334855250663,0.03404967903991069,0.0,5326248061.47,38.25265643447462,0.46419262290165575,0.3960553556959123,5.377593391088708,0.07809699306289926,0.4801269614448816,4.819772323302695,0.6653544149707695,1.5910420417207096,1802000.0,-0.012554671955343308,0.29501663353890956,36724416.52609114
PW US Equity,6.40406593108985,2.47741935483871,-5.709787102520853,0.04954838709677419,0.0,127856903.75,90.45125457766213,0.9849344042185044,0.8546614021841783,17.98033092981746,0.19276927910737543,1.1963267045829968,4.894935836460988,2.37398699684516,3.496491323247363,-65014.57031790493,0.0360298884916576,0.8620015137132696,759542.5968205822
KRC US Equity,1.5583119160296648,1.980032568467802,-2.040051627481977,0.03028738265599849,-14082000.0,7866222493.5,21.74155217229854,0.2975993753167252,0.3608256646178463,4.013641726943869,0.08632978740538996,0.6233215678940129,6.143795537276831,-0.365574745330822,1.9882348567369452,10019540.0,-0.00543526829696532,0.1669594255973787,27832908.05543295
PDM US Equity,1.1911919046468924,1.5853837719298245,-14.867773446948092,0.04605263157894737,-29986000.0,2262288978.24,23.002084781097977,0.33246455834111943,0.4093975108924516,12.53191710519867,0.10183770899402042,0.8507408740221744,5.688132118210288,-0.03654137797325152,1.9721844581859833,-1943989.0,-0.002537659473090703,0.016254408631470364,821141.4018283318
